{"block.stone.place":{"replace":true,"sounds":[]},"block.stone.break":{"replace":true,"sounds":[]},"block.stone.hit":{"replace":true,"sounds":[]},"block.stone.fall":{"replace":true,"sounds":[]},"block.stone.step":{"replace":true,"sounds":[]},"block.wood.place":{"replace":true,"sounds":[]},"block.wood.break":{"replace":true,"sounds":[]},"block.wood.hit":{"replace":true,"sounds":[]},"block.wood.fall":{"replace":true,"sounds":[]},"block.wood.step":{"replace":true,"sounds":[]},"lavachickenminecraftone":{"sounds":[{"name":"25e2da2c-896f-4386-bf78-4cbe11f25533","stream":true}]},"vc.lavachicken":{"sounds":["vc:lava_chicken"]},"vc.lava_chicken":{"sounds":["vc:lavachicken"]}}