{"sources":[{"type":"single","resource":"block/dark_oak_planks"},{"type":"single","resource":"item/chainmail_boots"},{"type":"single","resource":"item/chainmail_chestplate"},{"type":"single","resource":"item/chainmail_helmet"},{"type":"single","resource":"item/chainmail_leggings"},{"type":"single","resource":"item/cod"},{"type":"single","resource":"item/disc_fragment_5"},{"type":"single","resource":"item/elytra"},{"type":"single","resource":"59ac4c47-f5fb-490b-88a8-ed64f63c9b40"},{"type":"single","resource":"item/leather_horse_armor"},{"type":"single","resource":"item/music_disc_11"},{"type":"single","resource":"a061588f-206c-4824-9872-9df07dccae11"},{"type":"single","resource":"item/netherite_axe"},{"type":"single","resource":"item/netherite_hoe"},{"type":"single","resource":"item/netherite_pickaxe"},{"type":"single","resource":"item/netherite_shovel"},{"type":"single","resource":"item/netherite_sword"},{"type":"single","resource":"nexo:7db3f079-e3e9-479c-8a6c-e8cf03b83acc"},{"type":"single","resource":"nexo:7db3f079-e3e9-479c-8a6c-e8cf03b83acc"},{"type":"single","resource":"nexo:9a5db595-044d-4876-ae34-38dccc8b9471"},{"type":"single","resource":"nexo:9a5db595-044d-4876-ae34-38dccc8b9471"},{"type":"single","resource":"nexo:8f06cd3e-bfd2-4d51-8a38-5b8ac9aaf069"},{"type":"single","resource":"nexo:8f06cd3e-bfd2-4d51-8a38-5b8ac9aaf069"},{"type":"single","resource":"nexo:78ecd121-3c24-4616-9eb1-14dd82c05250"},{"type":"single","resource":"nexo:a08f298e-7156-417c-9a51-f08ca7569a04"},{"type":"single","resource":"nexo:a08f298e-7156-417c-9a51-f08ca7569a04"},{"type":"single","resource":"nexo:bd236b69-e73d-4e43-9304-3fc033470b8a"},{"type":"single","resource":"nexo:bd236b69-e73d-4e43-9304-3fc033470b8a"},{"type":"single","resource":"nexo:178eef3b-2b48-4c18-8140-64f2a6650425"},{"type":"single","resource":"nexo:178eef3b-2b48-4c18-8140-64f2a6650425"},{"type":"single","resource":"nexo:0d6e9780-36b4-4976-9d49-02a2822deea6"},{"type":"single","resource":"nexo:0d6e9780-36b4-4976-9d49-02a2822deea6"},{"type":"single","resource":"nexo:dd4c7b47-0222-4060-8628-2618933cb181"},{"type":"single","resource":"nexo:fb386d5a-621c-4bfb-acab-17518d62e01f"},{"type":"single","resource":"nexo:f6de41fa-ff41-4659-b6b0-94b3be34fe18"},{"type":"single","resource":"nexo:3c85b1ef-920d-4df2-8c49-15ca293c035a"},{"type":"single","resource":"nexo:6d334319-daaa-4493-b13d-fa8576a04501"},{"type":"single","resource":"nexo:6d334319-daaa-4493-b13d-fa8576a04501"},{"type":"single","resource":"nexo:66992e7b-37c5-42b3-946d-dfdf21b5c3ea"},{"type":"single","resource":"nexo:66992e7b-37c5-42b3-946d-dfdf21b5c3ea"},{"type":"single","resource":"nexo:ca4c68bc-3a83-497f-879a-ffea7c397d6c"},{"type":"single","resource":"nexo:14c82f41-e6db-4f31-b9a9-75568a970567"},{"type":"single","resource":"nexo:8bf5852e-d63a-40ff-9492-6cc5ee34f1a6"},{"type":"single","resource":"nexo:8bf5852e-d63a-40ff-9492-6cc5ee34f1a6"},{"type":"single","resource":"nexo:7a530f3d-c3cb-4cf3-9b3c-b16bb656eb29"},{"type":"single","resource":"nexo:7a530f3d-c3cb-4cf3-9b3c-b16bb656eb29"},{"type":"single","resource":"nexo:7a530f3d-c3cb-4cf3-9b3c-b16bb656eb29"},{"type":"single","resource":"nexo:878ab24d-01e8-46a4-a563-a9f50822b8b6"},{"type":"single","resource":"nexo:38c96dc2-fc53-41a5-ba9a-66945412fa4e"},{"type":"single","resource":"nexo:7c9d78ad-d99d-42a8-b1ad-832e73e318a2"},{"type":"single","resource":"nexo:0dd5268f-02b2-4670-8c3d-6d3126170c7c"},{"type":"single","resource":"nexo:97882d3d-c339-4f5c-994a-82c6bef6936e"},{"type":"single","resource":"nexo:79aa0d1e-f72a-4d24-9207-5557e2be36af"},{"type":"single","resource":"nexo:b7bb48ab-0468-4686-883e-c679f01ee9fe"},{"type":"single","resource":"nexo:b7bb48ab-0468-4686-883e-c679f01ee9fe"},{"type":"single","resource":"nexo:75a831fb-2eef-4320-9de6-9a1c399c1135"},{"type":"single","resource":"nexo:e2537f6d-0abc-49ba-b00c-474860cf44de"},{"type":"single","resource":"nexo:d44396c4-2897-4666-9297-32926100ddea"},{"type":"single","resource":"nexo:2e1d94bf-f40e-437f-824b-307691bb2e4b"},{"type":"single","resource":"nexo:9bdf1a7f-e041-4882-aa45-a8f7eaa8e06f"},{"type":"single","resource":"nexo:9bdf1a7f-e041-4882-aa45-a8f7eaa8e06f"},{"type":"single","resource":"nexo:43580a75-28ed-422e-b7ab-22582a80add9"},{"type":"single","resource":"nexo:43580a75-28ed-422e-b7ab-22582a80add9"},{"type":"single","resource":"nexo:90dfd440-6d41-4320-8dca-f8554c5f1b38"},{"type":"single","resource":"nexo:90dfd440-6d41-4320-8dca-f8554c5f1b38"},{"type":"single","resource":"nexo:b013469f-67b1-4c76-903e-7a73c6edcd92"},{"type":"single","resource":"nexo:36ee2c38-5a7b-4631-9a6b-003a9f6c9377"},{"type":"single","resource":"nexo:dd03f173-96ed-461c-a2f2-a876c54ad979"},{"type":"single","resource":"nexo:dd03f173-96ed-461c-a2f2-a876c54ad979"},{"type":"single","resource":"nexo:03dc178c-a66c-4ea3-b713-3d958bc721c5"},{"type":"single","resource":"nexo:99a7824f-f01b-4105-a849-58a1023945f4"},{"type":"single","resource":"nexo:35e63524-d735-478a-9f75-2f1143fff25b"},{"type":"single","resource":"nexo:35e63524-d735-478a-9f75-2f1143fff25b"},{"type":"single","resource":"item/paper"},{"type":"single","resource":"item/totem_of_undying"},{"type":"single","resource":"item/trident"},{"type":"single","resource":"dessert1:418bce72-9ee9-4928-88b1-07415b56a8f8"},{"type":"single","resource":"dessert1:418bce72-9ee9-4928-88b1-07415b56a8f8"},{"type":"single","resource":"dessert1:b72c0dd0-4714-4b2b-ac02-7bcc7281e96d"},{"type":"single","resource":"dessert1:b72c0dd0-4714-4b2b-ac02-7bcc7281e96d"},{"type":"single","resource":"dessert1:35462af0-22cb-4bce-a882-deb15bd04754"},{"type":"single","resource":"dessert1:35462af0-22cb-4bce-a882-deb15bd04754"},{"type":"single","resource":"dessert1:30718d7e-893e-4bcd-b810-717906272311"},{"type":"single","resource":"dessert1:30718d7e-893e-4bcd-b810-717906272311"},{"type":"single","resource":"dessert1:f35550f7-08bc-4d09-90c3-f7ff62f4ffc1"},{"type":"single","resource":"dessert1:f35550f7-08bc-4d09-90c3-f7ff62f4ffc1"},{"type":"single","resource":"dessert1:43dd6b4b-0f6f-4564-962a-17e167f83120"},{"type":"single","resource":"dessert1:43dd6b4b-0f6f-4564-962a-17e167f83120"},{"type":"single","resource":"dessert1:0ec27615-bd6e-411a-8b03-270d0c4bd719"},{"type":"single","resource":"dessert1:0ec27615-bd6e-411a-8b03-270d0c4bd719"},{"type":"single","resource":"dessert1:131586a4-4320-4f9a-9152-ebf6d390b8e9"},{"type":"single","resource":"dessert1:131586a4-4320-4f9a-9152-ebf6d390b8e9"},{"type":"single","resource":"dessert1:45cb72d0-38eb-4c3c-96a3-c7d117a71d15"},{"type":"single","resource":"dessert1:45cb72d0-38eb-4c3c-96a3-c7d117a71d15"},{"type":"single","resource":"music_disc_lavachicken"},{"type":"single","resource":"music_disc_lavachicken"},{"type":"single","resource":"2233e002-d590-4ca7-a29e-794177708138"},{"type":"single","resource":"2233e002-d590-4ca7-a29e-794177708138"},{"type":"single","resource":"f6709589-fe98-4e17-add9-fd232f1b5489"},{"type":"single","resource":"f6709589-fe98-4e17-add9-fd232f1b5489"},{"type":"single","resource":"37bbc8fe-149e-452f-b515-d4ce67809f3c"},{"type":"single","resource":"37bbc8fe-149e-452f-b515-d4ce67809f3c"},{"type":"single","resource":"cb266ff4-62b6-482f-8c25-e14f24226b1d"},{"type":"single","resource":"cb266ff4-62b6-482f-8c25-e14f24226b1d"},{"type":"single","resource":"41753958-2fbb-4c25-82bb-d0d4341dc77a"},{"type":"single","resource":"41753958-2fbb-4c25-82bb-d0d4341dc77a"},{"type":"single","resource":"f96f7f78-17d1-4606-8641-d667257fcdee"},{"type":"single","resource":"f96f7f78-17d1-4606-8641-d667257fcdee"}]}