{"parent":"item/generated","display":{"head":{"rotation":[0.0,90.0,-60.0],"translation":[-7.0,-4.0,-7.0],"scale":[0.8,0.8,0.8]}},"textures":{"layer0":"item/cod"},"overrides":[{"predicate":{"custom_model_data":200450},"model":"36408cf2-d44f-427c-8a31-2bb8e58b2101"},{"predicate":{"custom_model_data":200451},"model":"1d8a77cf-a21c-4315-9c00-ffc1ed3f1b8a"},{"predicate":{"custom_model_data":200452},"model":"1284bc5b-6f74-43ec-aff2-eb575ff2a6ae"},{"predicate":{"custom_model_data":200453},"model":"6e29f806-42c0-4dd4-a04f-d4fa393ae4bb"},{"predicate":{"custom_model_data":200454},"model":"71ef2141-adb1-46e4-bce0-618b54995436"},{"predicate":{"custom_model_data":200455},"model":"51a8eb7d-1dc7-45f7-aa84-56f44b10f546"},{"predicate":{"custom_model_data":200456},"model":"92839fd1-b017-43f0-90e9-acf129cc6fa5"},{"predicate":{"custom_model_data":200457},"model":"33ef0221-ad1c-4631-bfcf-9ca6a8377f1a"},{"predicate":{"custom_model_data":200458},"model":"d128c344-a59c-4e17-b808-ea81454470a9"}]}