{"parent":"item/generated","textures":{"layer0":"item/leather_horse_armor"},"overrides":[{"predicate":{"custom_model_data":1000},"model":"nexo:87183603-205e-437f-9f6b-1fc0be099a46"},{"predicate":{"custom_model_data":1001},"model":"nexo:49310da2-8529-4dfd-9bb5-81510aa98ad0"},{"predicate":{"custom_model_data":1002},"model":"nexo:e708fedf-14eb-47e5-a117-4853f2612bff"},{"predicate":{"custom_model_data":1003},"model":"nexo:cce2535f-768b-4876-9b40-3aed3b16c440"},{"predicate":{"custom_model_data":1004},"model":"nexo:daf8cbd9-3460-4739-aa92-22dc80ff97f4"}]}