{"parent":"item/generated","textures":{"layer0":"item/paper"},"overrides":[{"predicate":{"custom_model_data":1000},"model":"8ad3769f-578a-4142-9de5-a96605c4382b"},{"predicate":{"custom_model_data":1001},"model":"007bd0d1-83c8-4cac-aa51-823563dc58fe"},{"predicate":{"custom_model_data":1002},"model":"8e718598-02af-4450-9c39-df053917ef78"},{"predicate":{"custom_model_data":1003},"model":"nexo:1a54a6e9-a668-4ba1-aa42-dfd11aa9788e"},{"predicate":{"custom_model_data":1004},"model":"nexo:23463020-f232-45c0-85f1-982c570c5672"},{"predicate":{"custom_model_data":1005},"model":"nexo:a30115ed-b800-4b44-b828-d56ed718c330"},{"predicate":{"custom_model_data":1006},"model":"nexo:941cfa26-67e6-40d3-9f97-fd84a87b1a05"},{"predicate":{"custom_model_data":1007},"model":"nexo:f9870248-17a2-415c-8c7f-d28cc4ec5161"},{"predicate":{"custom_model_data":1008},"model":"nexo:5785d310-6297-444e-88d1-7289315d5824"},{"predicate":{"custom_model_data":1009},"model":"nexo:4c75457b-1c17-4db5-8031-cfddeef06cd1"},{"predicate":{"custom_model_data":1010},"model":"922d618b-46e6-450b-8c7d-d7ba0f7cfc6f"},{"predicate":{"custom_model_data":1011},"model":"8ecd76b6-153d-48ff-a8f3-df61326aa4b1"},{"predicate":{"custom_model_data":1012},"model":"6b5b0e5f-ba16-4dcc-b21c-65868f045bed"},{"predicate":{"custom_model_data":2000},"model":"a8cf6e62-491d-4aa6-b776-0c235dfcaa83"},{"predicate":{"custom_model_data":10000},"model":"6f687d61-dbd3-440f-8b32-3bc7bde2354c"}]}