{"model":{"type":"select","property":"block_state","block_state_property":"connectable","cases":[{"when":"straight","model":{"type":"model","model":"nexo:690a690d-9486-4201-b10d-b8ee17ad672b","tints":[]}},{"when":"left","model":{"type":"model","model":"nexo:b7cab7ae-b997-45c7-9b44-563bb7fc2f61","tints":[]}},{"when":"right","model":{"type":"model","model":"nexo:d63a294c-0c1f-4e3c-bfcc-32082a04d7bb","tints":[]}},{"when":"inner","model":{"type":"model","model":"nexo:b65921df-f9ca-4741-ad57-67c11116b6fb","tints":[]}},{"when":"outer","model":{"type":"model","model":"nexo:3f0355e4-7723-47fd-bfac-ca3c49cfc636","tints":[]}}],"fallback":{"type":"model","model":"nexo:6469f55d-0466-47dd-a34d-4e1ddd91d1ab","tints":[]}}}