{"model":{"type":"range_dispatch","property":"custom_model_data","entries":[{"threshold":200450.0,"model":{"type":"model","model":"36408cf2-d44f-427c-8a31-2bb8e58b2101","tints":[]}},{"threshold":200451.0,"model":{"type":"model","model":"1d8a77cf-a21c-4315-9c00-ffc1ed3f1b8a","tints":[]}},{"threshold":200452.0,"model":{"type":"model","model":"1284bc5b-6f74-43ec-aff2-eb575ff2a6ae","tints":[]}},{"threshold":200453.0,"model":{"type":"model","model":"6e29f806-42c0-4dd4-a04f-d4fa393ae4bb","tints":[]}},{"threshold":200454.0,"model":{"type":"model","model":"71ef2141-adb1-46e4-bce0-618b54995436","tints":[]}},{"threshold":200455.0,"model":{"type":"model","model":"51a8eb7d-1dc7-45f7-aa84-56f44b10f546","tints":[]}},{"threshold":200456.0,"model":{"type":"model","model":"92839fd1-b017-43f0-90e9-acf129cc6fa5","tints":[]}},{"threshold":200457.0,"model":{"type":"model","model":"33ef0221-ad1c-4631-bfcf-9ca6a8377f1a","tints":[]}},{"threshold":200458.0,"model":{"type":"model","model":"d128c344-a59c-4e17-b808-ea81454470a9","tints":[]}}],"fallback":{"type":"model","model":"item/cod","tints":[]}}}