{"model":{"type":"condition","property":"broken","on_true":{"type":"range_dispatch","property":"custom_model_data","entries":[{"threshold":1000.0,"model":{"type":"model","model":"3ffcb4f3-e495-4eda-8d19-12b00b3af42b","tints":[]}}],"fallback":{"type":"model","model":"item/elytra_broken","tints":[]}},"on_false":{"type":"range_dispatch","property":"custom_model_data","entries":[{"threshold":1000.0,"model":{"type":"model","model":"3ffcb4f3-e495-4eda-8d19-12b00b3af42b","tints":[]}}],"fallback":{"type":"model","model":"item/elytra","tints":[]}}}}