{"model":{"type":"range_dispatch","property":"custom_model_data","entries":[{"threshold":1000.0,"model":{"type":"model","model":"nexo:87183603-205e-437f-9f6b-1fc0be099a46","tints":[{"type":"dye","default":-6265536}]}},{"threshold":1001.0,"model":{"type":"model","model":"nexo:49310da2-8529-4dfd-9bb5-81510aa98ad0","tints":[{"type":"dye","default":-6265536}]}},{"threshold":1002.0,"model":{"type":"model","model":"nexo:e708fedf-14eb-47e5-a117-4853f2612bff","tints":[{"type":"dye","default":-6265536}]}},{"threshold":1003.0,"model":{"type":"model","model":"nexo:cce2535f-768b-4876-9b40-3aed3b16c440","tints":[{"type":"dye","default":-6265536}]}},{"threshold":1004.0,"model":{"type":"model","model":"nexo:daf8cbd9-3460-4739-aa92-22dc80ff97f4","tints":[{"type":"dye","default":-6265536}]}}],"fallback":{"type":"model","model":"item/leather_horse_armor","tints":[{"type":"dye","default":-6265536}]}}}