{"model":{"type":"range_dispatch","property":"custom_model_data","entries":[{"threshold":1000.0,"model":{"type":"model","model":"8ad3769f-578a-4142-9de5-a96605c4382b","tints":[]}},{"threshold":1001.0,"model":{"type":"model","model":"007bd0d1-83c8-4cac-aa51-823563dc58fe","tints":[]}},{"threshold":1002.0,"model":{"type":"model","model":"8e718598-02af-4450-9c39-df053917ef78","tints":[]}},{"threshold":1003.0,"model":{"type":"model","model":"nexo:1a54a6e9-a668-4ba1-aa42-dfd11aa9788e","tints":[]}},{"threshold":1004.0,"model":{"type":"model","model":"nexo:23463020-f232-45c0-85f1-982c570c5672","tints":[]}},{"threshold":1005.0,"model":{"type":"model","model":"nexo:a30115ed-b800-4b44-b828-d56ed718c330","tints":[]}},{"threshold":1006.0,"model":{"type":"model","model":"nexo:941cfa26-67e6-40d3-9f97-fd84a87b1a05","tints":[]}},{"threshold":1007.0,"model":{"type":"model","model":"nexo:f9870248-17a2-415c-8c7f-d28cc4ec5161","tints":[]}},{"threshold":1008.0,"model":{"type":"model","model":"nexo:5785d310-6297-444e-88d1-7289315d5824","tints":[]}},{"threshold":1009.0,"model":{"type":"model","model":"nexo:4c75457b-1c17-4db5-8031-cfddeef06cd1","tints":[]}},{"threshold":1010.0,"model":{"type":"model","model":"922d618b-46e6-450b-8c7d-d7ba0f7cfc6f","tints":[]}},{"threshold":1011.0,"model":{"type":"model","model":"8ecd76b6-153d-48ff-a8f3-df61326aa4b1","tints":[]}},{"threshold":1012.0,"model":{"type":"model","model":"6b5b0e5f-ba16-4dcc-b21c-65868f045bed","tints":[]}},{"threshold":2000.0,"model":{"type":"model","model":"a8cf6e62-491d-4aa6-b776-0c235dfcaa83","tints":[]}},{"threshold":10000.0,"model":{"type":"model","model":"6f687d61-dbd3-440f-8b32-3bc7bde2354c","tints":[]}}],"fallback":{"type":"model","model":"item/paper","tints":[]}}}