{"model":{"type":"range_dispatch","property":"custom_model_data","entries":[{"threshold":1000.0,"model":{"type":"model","model":"nexo:46441bb0-9225-4c59-a5f8-02bdfe61c7ad","tints":[]}}],"fallback":{"type":"select","property":"display_context","cases":[{"when":["gui","ground","fixed"],"model":{"type":"model","model":"item/trident","tints":[]}}],"fallback":{"type":"condition","property":"using_item","on_true":{"type":"special","model":{"type":"trident"},"base":"item/trident_throwing"},"on_false":{"type":"special","model":{"type":"trident"},"base":"item/trident_in_hand"}}}}}