{"providers":[{"type":"bitmap","file":"ranks/clock.png","ascent":8,"chars":[""]},{"type":"bitmap","file":"ranks/calender.png","ascent":8,"chars":[""]},{"type":"bitmap","file":"ranks/location.png","ascent":8,"chars":[""]},{"type":"bitmap","file":"ranks/cash.png","ascent":8,"chars":[""]},{"type":"ttf","file":"thai.ttf","size":9.5,"oversample":10.0},{"type":"bitmap","file":"required/exit_icon.png","height":22,"ascent":-42,"chars":[""]},{"type":"bitmap","file":"logo/clock.png","height":7,"ascent":7,"chars":["ꐚ"]},{"type":"bitmap","file":"required/exit_icon.png","height":22,"ascent":-42,"chars":[""]},{"type":"bitmap","file":"required/exit_icon.png","height":256,"ascent":37,"chars":["ꐗ"]},{"type":"bitmap","file":"required/exit_icon.png","ascent":8,"chars":[""]},{"type":"bitmap","file":"ranks/youtube.png","ascent":8,"chars":["ꐔ"]},{"type":"bitmap","file":"ranks/admin.png","ascent":8,"chars":["ꐒ"]},{"type":"bitmap","file":"ranks/vip.png","ascent":8,"chars":["ꐕ"]},{"type":"bitmap","file":"required/ui/brewing_stand_recipe_builder.png","height":256,"ascent":37,"chars":["ꐑ"]},{"type":"bitmap","file":"required/exit_icon.png","ascent":8,"chars":[""]},{"type":"bitmap","file":"logo/tablogo.png","height":60,"ascent":40,"chars":["ꐘ"]},{"type":"bitmap","file":"ranks/default.png","ascent":8,"chars":["ꐓ"]},{"type":"bitmap","file":"logo/serverlogo.png","height":80,"ascent":47,"chars":["ꐖ"]},{"type":"bitmap","file":"required/ui/menu_items.png","height":256,"ascent":37,"chars":["ꐐ"]},{"type":"bitmap","file":"required/exit_icon.png","height":22,"ascent":-42,"chars":[""]},{"type":"bitmap","file":"required/exit_icon.png","height":22,"ascent":-42,"chars":[""]},{"type":"bitmap","file":"required/exit_icon.png","height":22,"ascent":-42,"chars":[""]},{"type":"bitmap","file":"required/exit_icon.png","height":22,"ascent":-42,"chars":[""]},{"type":"bitmap","file":"required/exit_icon.png","height":22,"ascent":-42,"chars":[""]},{"type":"bitmap","file":"required/exit_icon.png","ascent":8,"chars":["ꐏ"]},{"type":"bitmap","file":"required/exit_icon.png","ascent":8,"chars":[""]},{"type":"bitmap","file":"required/exit_icon.png","ascent":8,"chars":[""]},{"type":"bitmap","file":"required/exit_icon.png","ascent":8,"chars":[""]},{"type":"bitmap","file":"required/exit_icon.png","height":22,"ascent":-42,"chars":[""]},{"type":"bitmap","file":"required/exit_icon.png","height":22,"ascent":-42,"chars":[""]},{"type":"bitmap","file":"required/exit_icon.png","height":22,"ascent":-42,"chars":[""]},{"type":"bitmap","file":"required/exit_icon.png","height":22,"ascent":-42,"chars":[""]},{"type":"bitmap","file":"logo/sclogo.png","height":20,"ascent":10,"chars":["ꐙ"]},{"type":"bitmap","file":"required/exit_icon.png","height":22,"ascent":-42,"chars":[""]},{"type":"bitmap","file":"required/exit_icon.png","height":22,"ascent":-42,"chars":[""]},{"type":"bitmap","file":"required/exit_icon.png","ascent":8,"chars":[""]},{"type":"bitmap","file":"required/exit_icon.png","height":22,"ascent":-42,"chars":[""]},{"type":"bitmap","file":"required/exit_icon.png","height":22,"ascent":-42,"chars":[""]},{"type":"bitmap","file":"required/exit_icon.png","height":22,"ascent":-42,"chars":[""]},{"type":"bitmap","file":"required/exit_icon.png","height":22,"ascent":-42,"chars":[""]},{"type":"bitmap","file":"required/exit_icon.png","height":22,"ascent":-42,"chars":[""]},{"type":"bitmap","file":"required/exit_icon.png","height":22,"ascent":-42,"chars":[""]},{"type":"bitmap","file":"required/exit_icon.png","height":22,"ascent":-42,"chars":[""]},{"type":"bitmap","file":"required/exit_icon.png","height":22,"ascent":-42,"chars":[""]},{"type":"reference","id":"nexo:shift"}]}