{"display":{"thirdperson_righthand":{"rotation":[49.0,0.0,0.0],"translation":[2.25,0.0,-0.5],"scale":[0.27,0.27,0.27]},"thirdperson_lefthand":{"rotation":[49.0,0.0,0.0],"translation":[-2.0,0.0,-0.5],"scale":[0.27,0.27,0.27]},"firstperson_righthand":{"rotation":[0.0,139.0,0.0],"translation":[-0.5,4.0,-0.25],"scale":[0.39,0.39,0.39]},"firstperson_lefthand":{"rotation":[0.0,139.0,0.0],"translation":[4.25,4.0,3.25],"scale":[0.39,0.39,0.39]},"ground":{"translation":[3.0,2.25,0.0],"scale":[0.4,0.4,0.4]},"gui":{"rotation":[11.75,145.0,0.0],"translation":[-3.75,0.0,0.0],"scale":[0.56,0.56,0.56]},"head":{"translation":[0.0,-30.0,0.0],"scale":[1.6,1.6,1.6]},"fixed":{"rotation":[-90.0,0.0,0.0],"translation":[0.0,0.0,-16.0],"scale":[2.0,2.0,2.0]}},"elements":[{"from":[-11.0,0.0,0.0],"to":[-8.0,3.0,3.0],"rotation":{"origin":[-24.0,0.0,0.0],"axis":"y","angle":0.0},"faces":{"north":{"uv":[7.375,6.125,7.75,6.5],"texture":"#3"},"east":{"uv":[7.375,6.5,7.75,6.875],"texture":"#3"},"south":{"uv":[7.375,6.875,7.75,7.25],"texture":"#3"},"west":{"uv":[7.375,7.25,7.75,7.625],"texture":"#3"},"up":{"uv":[7.875,0.375,7.5,0.0],"texture":"#3"},"down":{"uv":[7.875,0.375,7.5,0.75],"texture":"#3"}}},{"from":[-10.0,0.0,1.0],"to":[10.0,16.0,15.0],"rotation":{"origin":[0.0,0.0,1.0],"axis":"y","angle":0.0},"faces":{"north":{"uv":[0.0,0.0,2.5,2.0],"texture":"#3"},"east":{"uv":[2.125,5.375,3.875,7.375],"texture":"#3"},"south":{"uv":[0.0,2.0,2.5,4.0],"texture":"#3"},"west":{"uv":[3.875,5.375,5.625,7.375],"texture":"#3"},"up":{"uv":[5.0,1.75,2.5,0.0],"texture":"#3"},"down":{"uv":[5.0,1.75,2.5,3.5],"texture":"#3"}}},{"from":[-10.5,2.5,0.5],"to":[-8.5,16.5,2.5],"rotation":{"origin":[-24.5,2.5,-0.5],"axis":"y","angle":0.0},"faces":{"north":{"uv":[0.0,5.875,0.25,7.625],"texture":"#3"},"east":{"uv":[0.25,5.875,0.5,7.625],"texture":"#3"},"south":{"uv":[0.5,5.875,0.75,7.625],"texture":"#3"},"west":{"uv":[0.75,5.875,1.0,7.625],"texture":"#3"},"up":{"uv":[8.0,6.375,7.75,6.125],"texture":"#3"},"down":{"uv":[8.0,6.375,7.75,6.625],"texture":"#3"}}},{"from":[-8.5,9.0,0.5],"to":[8.5,11.0,15.5],"rotation":{"origin":[-0.5,9.0,0.5],"axis":"y","angle":0.0},"faces":{"north":{"uv":[5.0,1.875,7.125,2.125],"texture":"#3"},"east":{"uv":[5.0,2.875,6.875,3.125],"texture":"#3"},"south":{"uv":[5.0,2.125,7.125,2.375],"texture":"#3"},"west":{"uv":[5.0,3.125,6.875,3.375],"texture":"#3"},"up":{"uv":[4.625,5.375,2.5,3.5],"texture":"#3"},"down":{"uv":[2.125,4.0,0.0,5.875],"texture":"#3"}}},{"from":[-2.0,8.0,0.0],"to":[2.0,12.0,2.0],"rotation":{"origin":[0.0,8.0,0.0],"axis":"y","angle":0.0},"faces":{"north":{"uv":[4.625,7.375,5.125,7.875],"texture":"#3"},"east":{"uv":[3.375,7.625,3.625,8.125],"texture":"#3"},"south":{"uv":[5.125,7.375,5.625,7.875],"texture":"#3"},"west":{"uv":[7.5,7.625,7.75,8.125],"texture":"#3"},"up":{"uv":[8.0,1.375,7.5,1.125],"texture":"#3"},"down":{"uv":[8.125,3.25,7.625,3.5],"texture":"#3"}}},{"from":[-8.0,0.0,0.5],"to":[8.0,2.0,15.5],"rotation":{"origin":[-1.0,0.0,0.5],"axis":"y","angle":0.0},"faces":{"north":{"uv":[5.0,2.375,7.0,2.625],"texture":"#3"},"east":{"uv":[5.625,5.375,7.5,5.625],"texture":"#3"},"south":{"uv":[5.0,2.625,7.0,2.875],"texture":"#3"},"west":{"uv":[5.625,5.625,7.5,5.875],"texture":"#3"},"up":{"uv":[6.625,5.375,4.625,3.5],"texture":"#3"},"down":{"uv":[7.0,0.0,5.0,1.875],"texture":"#3"}}},{"from":[8.0,0.0,0.0],"to":[11.0,3.0,3.0],"rotation":{"origin":[24.0,0.0,0.0],"axis":"y","angle":0.0},"faces":{"north":{"uv":[7.5,0.75,7.875,1.125],"texture":"#3"},"east":{"uv":[7.5,5.375,7.875,5.75],"texture":"#3"},"south":{"uv":[0.0,7.625,0.375,8.0],"texture":"#3"},"west":{"uv":[0.375,7.625,0.75,8.0],"texture":"#3"},"up":{"uv":[1.125,8.0,0.75,7.625],"texture":"#3"},"down":{"uv":[1.5,7.625,1.125,8.0],"texture":"#3"}}},{"from":[8.5,0.0,2.5],"to":[10.5,2.0,13.5],"rotation":{"origin":[24.5,-12.0,1.5],"axis":"y","angle":0.0},"faces":{"north":{"uv":[7.75,6.625,8.0,6.875],"texture":"#3"},"east":{"uv":[6.625,5.125,8.0,5.375],"texture":"#3"},"south":{"uv":[7.75,6.875,8.0,7.125],"texture":"#3"},"west":{"uv":[6.875,4.625,8.25,4.875],"texture":"#3"},"up":{"uv":[2.375,5.375,2.125,4.0],"texture":"#3"},"down":{"uv":[7.25,0.0,7.0,1.375],"texture":"#3"}}},{"from":[8.0,0.0,13.0],"to":[11.0,3.0,16.0],"rotation":{"origin":[24.0,0.0,13.0],"axis":"y","angle":0.0},"faces":{"north":{"uv":[1.5,7.625,1.875,8.0],"texture":"#3"},"east":{"uv":[7.625,2.125,8.0,2.5],"texture":"#3"},"south":{"uv":[2.25,7.625,2.625,8.0],"texture":"#3"},"west":{"uv":[7.625,2.5,8.0,2.875],"texture":"#3"},"up":{"uv":[3.0,8.0,2.625,7.625],"texture":"#3"},"down":{"uv":[8.0,2.875,7.625,3.25],"texture":"#3"}}},{"from":[8.5,9.0,2.5],"to":[10.5,11.0,13.5],"rotation":{"origin":[24.5,-3.0,1.5],"axis":"y","angle":0.0},"faces":{"north":{"uv":[7.75,7.125,8.0,7.375],"texture":"#3"},"east":{"uv":[6.875,4.875,8.25,5.125],"texture":"#3"},"south":{"uv":[7.75,7.375,8.0,7.625],"texture":"#3"},"west":{"uv":[7.0,1.375,8.375,1.625],"texture":"#3"},"up":{"uv":[7.375,3.0,7.125,1.625],"texture":"#3"},"down":{"uv":[7.375,3.0,7.125,4.375],"texture":"#3"}}},{"from":[8.5,2.5,13.5],"to":[10.5,16.5,15.5],"rotation":{"origin":[24.5,2.5,12.5],"axis":"y","angle":0.0},"faces":{"north":{"uv":[1.0,5.875,1.25,7.625],"texture":"#3"},"east":{"uv":[1.25,5.875,1.5,7.625],"texture":"#3"},"south":{"uv":[1.5,5.875,1.75,7.625],"texture":"#3"},"west":{"uv":[1.75,5.875,2.0,7.625],"texture":"#3"},"up":{"uv":[8.0,7.875,7.75,7.625],"texture":"#3"},"down":{"uv":[8.125,0.0,7.875,0.25],"texture":"#3"}}},{"from":[8.5,14.5,2.5],"to":[10.5,16.5,13.5],"rotation":{"origin":[24.5,2.5,1.5],"axis":"y","angle":0.0},"faces":{"north":{"uv":[7.875,0.25,8.125,0.5],"texture":"#3"},"east":{"uv":[7.125,4.375,8.5,4.625],"texture":"#3"},"south":{"uv":[7.875,0.5,8.125,0.75],"texture":"#3"},"west":{"uv":[7.125,5.875,8.5,6.125],"texture":"#3"},"up":{"uv":[7.375,7.5,7.125,6.125],"texture":"#3"},"down":{"uv":[7.5,0.0,7.25,1.375],"texture":"#3"}}},{"from":[8.5,2.5,0.5],"to":[10.5,16.5,2.5],"rotation":{"origin":[24.5,2.5,-0.5],"axis":"y","angle":0.0},"faces":{"north":{"uv":[5.625,5.875,5.875,7.625],"texture":"#3"},"east":{"uv":[5.875,5.875,6.125,7.625],"texture":"#3"},"south":{"uv":[6.125,5.875,6.375,7.625],"texture":"#3"},"west":{"uv":[6.375,5.875,6.625,7.625],"texture":"#3"},"up":{"uv":[8.125,1.0,7.875,0.75],"texture":"#3"},"down":{"uv":[4.875,7.875,4.625,8.125],"texture":"#3"}}},{"from":[-10.5,9.0,2.5],"to":[-8.5,11.0,13.5],"rotation":{"origin":[-24.5,-3.0,1.5],"axis":"y","angle":0.0},"faces":{"north":{"uv":[4.875,7.875,5.125,8.125],"texture":"#3"},"east":{"uv":[7.375,1.625,8.75,1.875],"texture":"#3"},"south":{"uv":[5.125,7.875,5.375,8.125],"texture":"#3"},"west":{"uv":[7.375,1.875,8.75,2.125],"texture":"#3"},"up":{"uv":[2.25,8.75,2.0,7.375],"texture":"#3"},"down":{"uv":[7.625,2.125,7.375,3.5],"texture":"#3"}}},{"from":[-10.5,14.5,2.5],"to":[-8.5,16.5,13.5],"rotation":{"origin":[-24.5,2.5,1.5],"axis":"y","angle":0.0},"faces":{"north":{"uv":[5.375,7.875,5.625,8.125],"texture":"#3"},"east":{"uv":[2.25,7.375,3.625,7.625],"texture":"#3"},"south":{"uv":[7.875,5.375,8.125,5.625],"texture":"#3"},"west":{"uv":[7.375,3.5,8.75,3.75],"texture":"#3"},"up":{"uv":[3.875,8.75,3.625,7.375],"texture":"#3"},"down":{"uv":[4.125,7.375,3.875,8.75],"texture":"#3"}}},{"from":[-10.5,0.0,2.5],"to":[-8.5,2.0,13.5],"rotation":{"origin":[-24.5,-12.0,1.5],"axis":"y","angle":0.0},"faces":{"north":{"uv":[7.875,5.625,8.125,5.875],"texture":"#3"},"east":{"uv":[7.375,3.75,8.75,4.0],"texture":"#3"},"south":{"uv":[7.75,7.875,8.0,8.125],"texture":"#3"},"west":{"uv":[7.375,4.0,8.75,4.25],"texture":"#3"},"up":{"uv":[4.375,8.75,4.125,7.375],"texture":"#3"},"down":{"uv":[4.625,7.375,4.375,8.75],"texture":"#3"}}},{"from":[-11.0,0.0,13.0],"to":[-8.0,3.0,16.0],"rotation":{"origin":[-24.0,0.0,13.0],"axis":"y","angle":0.0},"faces":{"north":{"uv":[3.0,7.625,3.375,8.0],"texture":"#3"},"east":{"uv":[5.625,7.625,6.0,8.0],"texture":"#3"},"south":{"uv":[6.0,7.625,6.375,8.0],"texture":"#3"},"west":{"uv":[6.375,7.625,6.75,8.0],"texture":"#3"},"up":{"uv":[7.125,8.0,6.75,7.625],"texture":"#3"},"down":{"uv":[7.5,7.625,7.125,8.0],"texture":"#3"}}},{"from":[-10.5,2.5,13.5],"to":[-8.5,16.5,15.5],"rotation":{"origin":[-24.5,2.5,12.5],"axis":"y","angle":0.0},"faces":{"north":{"uv":[6.625,3.375,6.875,5.125],"texture":"#3"},"east":{"uv":[6.625,5.875,6.875,7.625],"texture":"#3"},"south":{"uv":[6.875,2.875,7.125,4.625],"texture":"#3"},"west":{"uv":[6.875,5.875,7.125,7.625],"texture":"#3"},"up":{"uv":[0.25,8.25,0.0,8.0],"texture":"#3"},"down":{"uv":[0.5,8.0,0.25,8.25],"texture":"#3"}}}],"textures":{"3":"nexo:2e1d94bf-f40e-437f-824b-307691bb2e4b"},"gui_light":"front"}